Article,Outlet
https://www.nytimes.com/interactive/2020/03/27/upshot/coronavirus-new-york-comparison.html,NYT
https://www.foxbusiness.com/markets/coronavirus-peloton-stock-impact,Fox
https://www.nytimes.com/interactive/2020/03/25/opinion/coronavirus-trump-reopen-america.html#methodology,NYT
https://www.nytimes.com/2020/03/31/opinion/coronavirus-cases-united-states.html,NYT
https://www.npr.org/sections/coronavirus-live-updates/2020/03/20/818853368/coronavirus-infected-100-000-more-people-worldwide-in-less-than-2-weeks,NPR
https://www.nytimes.com/2020/04/02/learning/7-ways-to-explore-the-math-of-the-coronavirus-using-the-new-york-times.html,NYT
https://www.foxbusiness.com/lifestyle/coronavirus-sees-fitness-streaming-boom,Fox
https://www.foxbusiness.com/lifestyle/peloton-stores-close-coronavirus,Fox
https://www.foxbusiness.com/lifestyle/soulcycle-coronavirus-fears-on-demand-streaming-classes,Fox
https://www.nytimes.com/interactive/2020/04/10/upshot/coronavirus-deaths-new-york-city.html,NYT
https://www.washingtonpost.com/graphics/2020/politics/trump-coronavirus-statements/?utm_campaign=wp_main&utm_medium=social&utm_source=twitter,WaPo
https://www.foxbusiness.com/markets/coronavirus-us-dollar-strength-unprecedented,Fox
https://www.nytimes.com/interactive/2020/04/01/us/coronavirus-covid-19-symptoms-data.html,NYT
https://www.washingtonpost.com/politics/2020/04/13/reality-coronavirus-testing-continues-differ-trumps-claims/?utm_source=rss&utm_medium=referral&utm_campaign=wp_homepage,WaPo
https://www.washingtonpost.com/graphics/2020/politics/trump-coronavirus-statements/?tid=lk_inline_manual_4&itid=lk_inline_manual_4,WaPo
https://www.washingtonpost.com/politics/2020/04/15/myth-rural-americas-protection-coronavirus/?utm_source=rss&utm_medium=referral&utm_campaign=wp_homepage,WaPo
https://www.washingtonpost.com/business/2020/04/15/coronavirus-economy-6-trillion/?utm_source=rss&utm_medium=referral&utm_campaign=wp_homepage,WaPo
https://www.washingtonpost.com/business/2020/04/17/last-year-we-searched-google-how-tie-tie-now-were-using-it-find-toilet-paper/?utm_source=rss&utm_medium=referral&utm_campaign=wp_homepage,WaPo
https://www.washingtonpost.com/politics/the-finance-202-most-americans-arent-ready-yet-to-reopen-the-economy/2020/04/20/017b0761-6d02-4e95-8307-ca54e2c441ac_story.html?utm_source=rss&utm_medium=referral&utm_campaign=wp_homepage,WaPo
https://www.washingtonpost.com/politics/the-energy-202-biden-says-hes-open-to-expanding-his-climate-plan-to-win-over-young-voters/2020/04/20/08e0ae24-4d7a-4da5-b742-4df5f2adc4ff_story.html?utm_source=rss&utm_medium=referral&utm_campaign=wp_homepage,WaPo
https://www.washingtonpost.com/politics/2020/04/20/despite-not-hitting-white-house-benchmarks-georgia-scales-back-social-distancing-measures/?utm_source=rss&utm_medium=referral&utm_campaign=wp_homepage,WaPo
https://www.nbcnews.com/news/us-news/urban-planner-mapped-every-nyc-street-showing-it-s-extremely-n1189936?cid=public-rss_20200422,NBC
https://www.washingtonpost.com/politics/2020/04/23/trump-reluctantly-sides-with-americans-his-administration-coronavirus-restrictions/?utm_source=rss&utm_medium=referral&utm_campaign=wp_homepage,WaPo
https://www.washingtonpost.com/politics/2020/04/23/misunderstanding-math-trump-embraced-coronavirus-death-toll-well-soon-surpass/?utm_source=rss&utm_medium=referral&utm_campaign=wp_homepage,WaPo
https://www.washingtonpost.com/politics/2020/04/24/white-houses-curious-benchmarks-coronavirus-success-keep-changing/?utm_source=rss&utm_medium=referral&utm_campaign=wp_homepage,WaPo
https://www.foxnews.com/us/atlanta-mayor-coronavirus-warning-lockdown,Fox
https://www.washingtonpost.com/politics/2020/04/27/trumps-coronavirus-briefings-were-political-groundhog-day/?utm_source=rss&utm_medium=referral&utm_campaign=wp_homepage,WaPo
https://www.nytimes.com/2020/04/29/learning/lesson-of-the-day-black-americans-face-alarming-rates-of-coronavirus-infection-in-some-states.html,NYT
https://www.washingtonpost.com/politics/2020/04/29/even-where-coronavirus-is-past-its-peak-its-often-plateau/?utm_source=rss&utm_medium=referral&utm_campaign=wp_politics,WaPo
https://www.nytimes.com/2020/04/30/us/coronavirus-updates.html,NYT
https://www.washingtonpost.com/politics/the-finance-202-trump-officials-spook-economists-with-talk-of-skipping-debt-payments-to-china/2020/05/01/e06483d8-6449-4604-b4ad-5b86e7f902e3_story.html?utm_source=rss&utm_medium=referral&utm_campaign=wp_politics,WaPo
https://www.washingtonpost.com/politics/2020/05/01/good-news-new-york-city-is-how-virus-is-fading-bad-is-news-is-where-it-isnt/?utm_source=rss&utm_medium=referral&utm_campaign=wp_politics,WaPo
https://www.npr.org/2020/05/03/848561519/from-puzzles-to-plastic-straws-merch-plays-a-key-role-in-trumps-fundraising?utm_medium=RSS&utm_campaign=news,NPR
https://www.washingtonpost.com/politics/2020/05/04/administration-estimates-appear-show-more-than-100000-coronavirus-deaths-before-june/?utm_source=rss&utm_medium=referral&utm_campaign=wp_politics,WaPo
https://www.washingtonpost.com/graphics/2020/investigations/coronavirus-hospitals-data/?tid=ss_tw,WaPo
https://www.nytimes.com/2020/05/06/briefing/coronavirus-white-house-task-force-us-senate.html,NYT
https://www.npr.org/sections/health-shots/2020/05/07/851610771/u-s-coronavirus-testing-still-falls-short-hows-your-state-doing?utm_medium=RSS&utm_campaign=news,NPR
https://www.nytimes.com/2020/05/07/learning/whats-going-on-in-this-graph-may-13-2020.html,NYT
https://www.nytimes.com/2020/05/08/health/coronavirus-pandemic-curve-scenarios.html,NYT
https://www.washingtonpost.com/politics/2020/05/08/this-covid-19-misinformation-went-viral-heres-what-we-learned/,WaPo
https://www.washingtonpost.com/business/2020/05/08/more-than-quarter-workers-faced-job-losses-or-underemployment-april/?utm_source=rss&utm_medium=referral&utm_campaign=wp_business,WaPo
https://www.washingtonpost.com/politics/2020/05/12/faucis-warning-about-reopening-may-have-more-influence-over-americans-than-governors/?utm_source=rss&utm_medium=referral&utm_campaign=wp_politics,WaPo
https://www.nytimes.com/2020/05/13/opinion/trump-digital-campaign.html,NYT
https://www.washingtonpost.com/politics/the-health-202-most-states-lifting-coronavirus-lockdowns-havent-met-federal-guidelines-for-reopening/2020/05/13/03b1b6bf-2dde-46cf-83f3-fb8719e49150_story.html?utm_source=rss&utm_medium=referral&utm_campaign=wp_politics,WaPo
https://www.washingtonpost.com/health/2020/05/14/disease-modelers-are-warning-us-about-reopening-country-heres-why-we-should-listen/?utm_source=rss&utm_medium=referral&utm_campaign=wp_health,WaPo
https://www.washingtonpost.com/graphics/2020/local/dc-coronavirus-one-month/,WaPo
https://www.npr.org/2020/05/15/854774681/congress-has-approved-3-trillion-for-coronavirus-relief-so-far-heres-a-breakdown?utm_medium=RSS&utm_campaign=news,NPR
https://www.washingtonpost.com/nation/2020/05/15/amid-pandemic-public-transit-is-highlighting-inequalities-cities/?utm_source=rss&utm_medium=referral&utm_campaign=wp_national,WaPo
https://www.washingtonpost.com/politics/2020/05/18/false-security-coronavirus-death-demographics/?utm_source=rss&utm_medium=referral&utm_campaign=wp_politics,WaPo
https://www.washingtonpost.com/climate-environment/2020/05/19/greenhouse-emissions-coronavirus/?utm_source=rss&utm_medium=referral&utm_campaign=wp_homepage,WaPo
https://www.nytimes.com/2020/05/20/opinion/coronavirus-trump-partisanship.html,NYT
https://www.washingtonpost.com/politics/the-finance-202-nationwide-protests-highlight-minority-frustration-with-economic-disparities/2020/06/01/cc9d462b-45a7-4155-b0a0-d1fadb01af60_story.html?utm_source=rss&utm_medium=referral&utm_campaign=wp_business,WaPo
https://www.washingtonpost.com/graphics/2020/investigations/coronavirus-race-data-map/?tid=ss_tw,WaPo
https://www.nytimes.com/2020/06/09/business/dealbook/reopening-economy-coronavirus.html,NYT
https://www.washingtonpost.com/politics/2020/06/11/acute-crisis-fading-attention-returns-chronic-one-though-less-so-trump/?utm_source=rss&utm_medium=referral&utm_campaign=wp_politics,WaPo
https://www.washingtonpost.com/world/2020/06/15/coronavirus-surge-new-global-hotspots/?utm_source=rss&utm_medium=referral&utm_campaign=wp_world,WaPo
https://www.washingtonpost.com/politics/2020/06/15/despite-trumps-claim-increase-new-coronavirus-cases-isnt-just-function-testing/?utm_source=rss&utm_medium=referral&utm_campaign=wp_politics,WaPo
https://www.foxnews.com/science/covid-19-12-times-deadlier-patients-with-underlying-health-conditions-cdc,Fox
https://www.washingtonpost.com/politics/2020/06/16/why-trumps-favorite-excuse-shrugging-coronavirus-pandemic-falls-short/?utm_source=rss&utm_medium=referral&utm_campaign=wp_politics,WaPo
https://www.cbsnews.com/news/coronavirus-white-house-model-prediction-200000-deaths-october/,CBS
https://www.washingtonpost.com/politics/2020/06/16/pence-is-right-were-not-seeing-second-coronavirus-wave-were-still-first-one/?utm_source=rss&utm_medium=referral&utm_campaign=wp_homepage,WaPo
https://www.washingtonpost.com/business/2020/06/17/covid-baby-bust-could-lead-half-million-fewer-births-next-year/?utm_source=rss&utm_medium=referral&utm_campaign=wp_business,WaPo
https://www.washingtonpost.com/investigations/before-the-pandemic-top-contractor-received-billions-from-government-to-help-prepare-the-nation-for-biowarfare/2020/06/17/38d9ad3a-a41b-11ea-8681-7d471bf20207_story.html?utm_source=rss&utm_medium=referral&utm_campaign=wp_homepage,WaPo
https://www.nytimes.com/2020/06/17/briefing/dexamethasone-india-china-john-bolton-your-wednesday-briefing.html,NYT
https://www.washingtonpost.com/politics/the-finance-202-investors-wrestle-to-assess-what-a-blue-wave-in-2020-could-mean-for-stocks/2020/06/23/8cbea68a-e0c8-457e-9835-765b3f7e42c2_story.html?utm_source=rss&utm_medium=referral&utm_campaign=wp_politics,WaPo
https://www.npr.org/sections/coronavirus-live-updates/2020/06/23/882504575/5-489-new-covid-19-cases-texas-reports-new-all-time-daily-high?utm_medium=RSS&utm_campaign=news,NPR
https://www.washingtonpost.com/politics/the-finance-202-wall-street-spent-heavily-to-take-down-alexandria-ocasio-cortez-it-was-a-bad-investment/2020/06/24/58451221-ad98-4a42-9bc3-73d2d3a88cb3_story.html?utm_source=rss&utm_medium=referral&utm_campaign=wp_politics,WaPo
https://www.nytimes.com/2020/06/24/opinion/trump-coronavirus.html,NYT
https://www.washingtonpost.com/politics/the-finance-202-the-economic-recovery-looks-poised-to-stall-as-coronavirus-cases-surge/2020/06/25/16615895-070d-42e9-a79e-65f076145923_story.html?utm_source=rss&utm_medium=referral&utm_campaign=wp_politics,WaPo
https://www.washingtonpost.com/nation/2020/06/25/reopenings-record-cases-full-hospitals-americas-dissonant-response-pandemic/?utm_source=rss&utm_medium=referral&utm_campaign=wp_national,WaPo
https://www.foxnews.com/science/scotland-edges-closer-total-elimination-coronavirus,Fox
https://www.washingtonpost.com/politics/2020/06/30/more-coronavirus-tests-are-coming-back-positive-contrary-what-trump-house-republican-leader-claim/?utm_source=rss&utm_medium=referral&utm_campaign=wp_politics,WaPo
https://www.npr.org/sections/health-shots/2020/07/01/885263658/green-yellow-orange-or-red-this-new-tool-shows-covid-19-risk-in-your-county?utm_medium=RSS&utm_campaign=news,NPR
https://www.washingtonpost.com/investigations/2020/07/02/coronavirus-excess-deaths-heart/?utm_source=rss&utm_medium=referral&utm_campaign=wp_national,WaPo
https://www.nytimes.com/interactive/2020/06/01/us/coronavirus-deaths-new-york-new-jersey.html,NYT
https://www.nbcnews.com/politics/politics-news/trump-says-coronavirus-going-away-his-own-task-force-disagrees-n1232061?cid=sm_npd_ms_tw_bw,NBC
https://www.washingtonpost.com/politics/2020/07/07/it-took-four-days-add-most-recent-200000-coronavirus-cases-it-took-16-add-10000-more-deaths/?utm_source=rss&utm_medium=referral&utm_campaign=wp_politics,WaPo
https://www.cnn.com/2020/07/08/americas/international-student-visa-united-states-intl-hnk/index.html,CNN
https://www.cnn.com/2020/07/08/politics/what-matters-july-8/index.html,CNN
https://www.washingtonpost.com/business/whos-desperate-to-get-back-to-the-gym/2020/07/10/c8b885ce-c27b-11ea-8908-68a2b9eae9e0_story.html?utm_source=rss&utm_medium=referral&utm_campaign=wp_business,WaPo
https://www.foxnews.com/science/first-person-us-receive-experimental-covid-19-vaccine-feels-fantastic,Fox
https://www.foxnews.com/politics/trump-reveals-taking-hydroxychloroquine-coronavirus?fbclid=IwAR2Z3eBTHL3avBL6FqHPadhM_OBuBygmdLytk_doYv_qsRZaR83hIzu4Hoc,Fox
https://www.washingtonpost.com/business/e-pluribus-unum-is-a-cruel-mirage/2020/07/13/823c7eca-c500-11ea-a825-8722004e4150_story.html?utm_source=rss&utm_medium=referral&utm_campaign=wp_business,WaPo
https://www.nytimes.com/live/2020/07/13/business/stock-market-today-coronavirus/a-white-house-chart-of-virus-deaths-now-looks-much-worse,NYT
https://www.washingtonpost.com/politics/the-finance-202-banks-brace-for-loan-defaults-predicting-sharper-economic-pain-ahead/2020/07/15/44426b32-5d2b-4e2b-a683-06c22445bcf4_story.html?utm_source=rss&utm_medium=referral&utm_campaign=wp_politics,WaPo
https://www.washingtonpost.com/politics/2020/07/16/why-we-dont-know-how-many-americans-will-die-resurging-coronavirus-pandemic/?utm_source=rss&utm_medium=referral&utm_campaign=wp_politics,WaPo
https://www.npr.org/sections/coronavirus-live-updates/2020/07/17/892288297/ncaa-president-warns-the-data-point-in-the-wrong-direction-for-fall-college-spor?utm_medium=RSS&utm_campaign=news,NPR
https://www.npr.org/2020/07/22/893286668/u-s-disaster-response-scrambles-to-protect-people-from-both-hurricanes-and-covid?utm_medium=RSS&utm_campaign=news,NPR
https://www.washingtonpost.com/politics/2020/07/22/how-we-know-pandemic-will-get-worse/?utm_source=rss&utm_medium=referral&utm_campaign=wp_politics,WaPo
https://www.washingtonpost.com/graphics/2020/national/coronavirus-new-cases-june-spike/,WaPo
https://www.nytimes.com/live/2020/07/24/business/stock-market-updates-coronavirus/wall-street-extends-its-losses-into-a-second-day-as-tech-stocks-continue-to-struggle,NYT
https://www.washingtonpost.com/world/2020/07/30/how-little-known-company-navigated-shortages-shutdowns-pandemic-while-pointing-way-less-china-centric-future/?utm_source=rss&utm_medium=referral&utm_campaign=wp_world,WaPo
https://www.nytimes.com/2020/07/31/business/dealbook/tech-earnings-economy.html,NYT
https://www.washingtonpost.com/health/2020/07/31/covid-us-death-toll-150k/?arc404=true&utm_source=rss&utm_medium=referral&utm_campaign=wp_homepage,WaPo
https://www.washingtonpost.com/politics/2020/08/03/with-deaths-rising-cases-falling-mortality-rate-goes-out-fashion-white-house-talking-point/?utm_source=rss&utm_medium=referral&utm_campaign=wp_homepage,WaPo
https://www.cnn.com/2020/07/08/politics/what-matters-july-8/index.html?utm_source=twCNN&utm_content=2020-07-09T06%3A17%3A06&utm_term=link&utm_medium=social,CNN
https://www.washingtonpost.com/business/why-londoners-are-refusing-to-return-to-the-office/2020/08/07/fc392c2e-d896-11ea-a788-2ce86ce81129_story.html?utm_source=rss&utm_medium=referral&utm_campaign=wp_business,WaPo
https://www.washingtonpost.com/business/energy/saudi-arabia-turns-off-americas-oil-taps-again/2020/08/09/ace624f4-da05-11ea-a788-2ce86ce81129_story.html?utm_source=rss&utm_medium=referral&utm_campaign=wp_business,WaPo
https://www.washingtonpost.com/politics/2020/08/12/trump-has-new-metric-by-which-he-wants-evaluate-pandemic-please-update-your-records/?utm_source=rss&utm_medium=referral&utm_campaign=wp_politics,WaPo
https://www.nytimes.com/2020/08/13/business/dealbook/stock-market-update-charts.html,NYT
https://www.washingtonpost.com/politics/2020/08/14/how-pandemic-each-state-compares-countries-equal-size/?utm_source=rss&utm_medium=referral&utm_campaign=wp_politics,WaPo
https://www.washingtonpost.com/politics/2020/08/18/american-attitudes-toward-covid-19-are-divided-by-party-pandemic-itself-might-undo-that/,WaPo
https://www.washingtonpost.com/health/2020/08/18/coronavirus-transgender/?utm_source=rss&utm_medium=referral&utm_campaign=wp_homepage,WaPo
https://www.washingtonpost.com/local/maryland-virginia-dc-coronavirus-increases/2020/07/24/216aadf6-cc4e-11ea-b0e3-d55bda07d66a_story.html,WaPo
https://www.nbcnews.com/politics/meet-the-press/data-show-trump-didn-t-build-great-economy-he-inherited-n1237793,NBC
https://www.washingtonpost.com/politics/2020/08/24/what-does-it-mean-that-most-republicans-see-coronavirus-death-toll-acceptable/?utm_source=rss&utm_medium=referral&utm_campaign=wp_politics,WaPo
https://www.cnn.com/2020/08/25/politics/coronavirus-deaths-acceptable-poll-partisan/index.html,CNN
https://www.washingtonpost.com/business/women-have-been-better-leaders-than-men-during-the-pandemic/2020/08/26/804d6722-e761-11ea-bf44-0d31c85838a5_story.html?utm_source=rss&utm_medium=referral&utm_campaign=wp_business,WaPo
https://www.washingtonpost.com/politics/2020/08/25/finance-202-jobless-americans-face-longer-layoffs-unemployment-crisis-deepens/,WaPo
https://www.washingtonpost.com/politics/2020/08/27/finance-202-stock-market-investors-are-increasingly-focused-election-history-history-shows-it-may-not-matter/?utm_source=rss&utm_medium=referral&utm_campaign=wp_homepage,WaPo
https://www.washingtonpost.com/health/2020/08/27/coronavirus-social-distancing-6-feet/?utm_source=rss&utm_medium=referral&utm_campaign=wp_homepage,WaPo
https://www.nytimes.com/2020/05/07/learning/whats-going-on-in-this-graph-estimated-time-for-covid-19-vaccine.html,NYT
https://www.washingtonpost.com/news/powerpost/paloma/the-finance-202/2020/05/05/the-finance-202-american-consumers-aren-t-ready-to-shop-again-even-as-states-reopen/5eb08cba88e0fa594778ecf5/?utm_campaign=wp_the_finance_202&utm_medium=email&utm_source=newsletter&wpisrc=nl_finance202,WaPo
https://www.washingtonpost.com/politics/2020/09/15/finance-202-voters-may-not-let-trump-change-subject-coronavirus-pandemic-economy/?utm_source=rss&utm_medium=referral&utm_campaign=wp_homepage,WaPo
https://www.washingtonpost.com/business/energy/will-the-coronavirus-turn-out-green-or-brown/2020/09/16/b1c85b9a-f7e2-11ea-85f7-5941188a98cd_story.html?utm_source=rss&utm_medium=referral&utm_campaign=wp_business,WaPo
https://www.washingtonpost.com/business/energy/banning-gas-powered-cars-cant-happen-soon-enough/2020/09/24/d7246aba-fe71-11ea-b0e4-350e4e60cc91_story.html?utm_source=rss&utm_medium=referral&utm_campaign=wp_business,WaPo
https://www.washingtonpost.com/graphics/2020/national/genetic-science-coronavirus-outbreak-iowa/?utm_source=rss&utm_medium=referral&utm_campaign=wp_homepage,WaPo
https://www.nytimes.com/2020/10/06/briefing/joe-biden-donald-trump-nobel-prize-physics.html,NYT
https://www.cbsnews.com/news/early-voting-ballots-election-night-2020/,CBS
https://www.washingtonpost.com/health/2020/10/09/covid-mortality-rate-down/?utm_source=rss&utm_medium=referral&utm_campaign=wp_health,WaPo
https://www.washingtonpost.com/graphics/2020/health/coronavirus-genetic-code/?utm_source=rss&utm_medium=referral&utm_campaign=wp_homepage,WaPo
https://www.washingtonpost.com/politics/2020/10/13/red-state-coronavirus-surge-resembles-whats-happened-brazil/?utm_source=rss&utm_medium=referral&utm_campaign=wp_politics,WaPo
https://www.nytimes.com/2020/10/15/learning/lesson-of-the-day-dangerous-denominators.html,NYT
https://www.washingtonpost.com/politics/2020/10/16/trump-brought-fox-news-facts-confrontation-with-reality/?utm_source=rss&utm_medium=referral&utm_campaign=wp_politics,WaPo
https://www.nytimes.com/live/2020/10/20/world/covid-19-coronavirus-updates/a-virus-update-in-three-charts,NYT
https://www.washingtonpost.com/politics/2020/10/20/we-are-not-rounding-corner-coronavirus-part-8219000/?utm_source=rss&utm_medium=referral&utm_campaign=wp_politics,WaPo
https://www.washingtonpost.com/politics/2020/10/20/these-9-swing-states-will-see-biggest-blue-shift-ballots-are-counted-after-election/,WaPo
https://www.washingtonpost.com/business/2020/10/23/pandemic-data-chart-masks/?utm_source=rss&utm_medium=referral&utm_campaign=wp_business,WaPo
https://www.washingtonpost.com/politics/2020/10/23/how-many-coronavirus-deaths-are-truly-attributable-trump/?utm_source=rss&utm_medium=referral&utm_campaign=wp_politics,WaPo
https://www.nytimes.com/live/2020/11/05/world/covid-19-coronavirus-updates/smashing-a-single-day-record-us-enters-new-terrain-as-hospitalizations-increase,NYT
https://www.washingtonpost.com/politics/2020/11/05/day-coronavirus-cases-hit-new-high-senior-trump-adviser-tried-diminish-death-toll/?utm_source=rss&utm_medium=referral&utm_campaign=wp_politics,WaPo
https://www.washingtonpost.com/politics/2020/11/11/governments-coronavirus-response-is-now-officially-failure-by-its-own-measure/?utm_source=rss&utm_medium=referral&utm_campaign=wp_politics,WaPo
https://www.nytimes.com/2020/11/11/us/coronavirus-today.html,NYT
https://www.washingtonpost.com/politics/2020/11/12/this-is-what-pandemic-is-doing-country/?utm_source=rss&utm_medium=referral&utm_campaign=wp_politics,WaPo
https://www.nytimes.com/live/2020/11/13/business/us-economy-coronavirus,NYT
https://www.washingtonpost.com/politics/2020/11/13/trump-also-refuses-admit-he-lost-fight-against-coronavirus/?utm_source=rss&utm_medium=referral&utm_campaign=wp_politics,WaPo
https://www.washingtonpost.com/opinions/global-opinions/the-coronaviruss-origins-are-still-a-mystery-we-need-a-full-investigation/2020/11/13/cbf4390e-2450-11eb-8672-c281c7a2c96e_story.html?utm_source=rss&utm_medium=referral&utm_campaign=wp_opinions,WaPo
https://www.nytimes.com/live/2020/11/16/world/covid-19-coronavirus-updates/modernas-vaccine-is-94-5-effective-early-data-shows,NYT
https://www.npr.org/sections/health-shots/2020/11/19/911909187/in-u-s-cities-the-health-effects-of-past-housing-discrimination-are-plain-to-see,NPR
https://www.washingtonpost.com/politics/2020/12/01/scott-atlas-will-forever-be-face-surrender-coronavirus/?utm_source=rss&utm_medium=referral&utm_campaign=wp_politics,WaPo
https://www.washingtonpost.com/business/2020/12/01/covid-scented-candle-reviews/?utm_source=rss&utm_medium=referral&utm_campaign=wp_business,WaPo
https://www.washingtonpost.com/politics/2020/12/04/difference-how-pandemic-has-affected-us-south-korea-remains-staggering/?utm_source=rss&utm_medium=referral&utm_campaign=wp_politics,WaPo
https://www.washingtonpost.com/politics/2020/12/10/new-tidal-wave-coronavirus-deaths-has-arrived/?utm_source=rss&utm_medium=referral&utm_campaign=wp_politics,WaPo
https://www.nytimes.com/live/2020/12/11/world/covid-19-coronavirus/british-and-russian-vaccine-makers-are-set-to-begin-clinical-trials-combining-two-vaccines,NYT
https://www.washingtonpost.com/politics/2020/12/14/vaccine-arrives-just-united-states-hits-grim-new-coronavirus-milestone/?utm_source=rss&utm_medium=referral&utm_campaign=wp_politics,WaPo
https://www.nytimes.com/interactive/2020/12/04/world/europe/europe-covid-deaths.html,NYT
https://www.nytimes.com/2020/12/21/briefing/stimulus-deal-congress-covid-vaccine-winter-solstice.html,NYT
https://www.washingtonpost.com/politics/2020/12/21/what-it-looks-like-when-more-than-200000-people-day-are-contracting-coronavirus/?utm_source=rss&utm_medium=referral&utm_campaign=wp_politics,WaPo
https://www.nytimes.com/2020/12/28/learning/whats-going-on-in-this-graph-first-vaccinated.html,NYT
https://www.nytimes.com/2021/01/04/briefing/trump-election-raffensperger-julian-assange-costume.html,NYT
https://www.npr.org/sections/coronavirus-live-updates/2021/01/06/953901291/after-slow-start-europeans-call-for-quicker-vaccines-against-covid-19,NPR
https://www.washingtonpost.com/health/2021/01/12/covid-shutdowns-viruses/?utm_source=rss&utm_medium=referral&utm_campaign=wp_homepage,WaPo
https://www.washingtonpost.com/politics/2021/01/12/almost-quarter-influential-republicans-deny-bidens-victory-survey-says/,WaPo
https://www.washingtonpost.com/politics/2021/01/15/we-can-expect-more-than-400000-dead-covid-by-inauguration-day/?utm_source=rss&utm_medium=referral&utm_campaign=wp_politics,WaPo
https://www.washingtonpost.com/politics/2021/01/21/why-leadership-coronavirus-matters/?utm_source=rss&utm_medium=referral&utm_campaign=wp_politics,WaPo
https://www.washingtonpost.com/business/2021/01/25/lockdowns-job-losses/?utm_source=rss&utm_medium=referral&utm_campaign=wp_homepage,WaPo
https://www.washingtonpost.com/business/2021/01/27/economy-is-getting-even-worse-americans-with-high-school-degrees-or-less-education/?utm_source=rss&utm_medium=referral&utm_campaign=wp_business,WaPo
https://www.nytimes.com/2021/01/27/business/dealbook/reddit-wallstreetbets-gamestop.html,NYT
https://www.washingtonpost.com/politics/2021/02/02/how-overlap-race-age-helps-explain-pandemics-death-toll/?utm_source=rss&utm_medium=referral&utm_campaign=wp_politics,WaPo
https://www.nytimes.com/2021/02/03/business/dealbook/bezos-amazon-jassy.html,NYT
https://www.nytimes.com/2021/02/11/briefing/trump-georgia-obesity-weightloss-nun-covid.html,NYT
https://www.washingtonpost.com/business/2021/02/15/biden-stimulus-state-local-aid/?utm_source=rss&utm_medium=referral&utm_campaign=wp_business,WaPo
The curious story behind the pandemic's weirdest chart | CNN Business,CNN
https://www.washingtonpost.com/politics/2021/02/17/andrew-cuomos-nursing-home-problem-is-getting-worse/?utm_source=rss&utm_medium=referral&utm_campaign=wp_homepage,WaPo
https://www.npr.org/sections/goatsandsoda/2021/02/19/969529969/price-check-nations-pay-wildly-different-prices-for-vaccines,NPR
https://www.nbcnews.com/health/health-news/map-here-are-states-where-pregnant-women-can-get-covid-n1259291,NBC
https://www.washingtonpost.com/business/2021/03/03/15-minimum-wage-black-hispanic-women/?utm_source=rss&utm_medium=referral&utm_campaign=wp_homepage,WaPo
https://www.washingtonpost.com/business/2021/03/03/15-minimum-wage-black-hispanic-women/?utm_source=rss&utm_medium=referral&utm_campaign=wp_business,WaPo
https://www.nytimes.com/interactive/2021/03/08/climate/nyc-transit-covid.html,NYT
https://www.washingtonpost.com/technology/2021/03/10/amazon-library-ebook-monopoly/?utm_source=rss&utm_medium=referral&utm_campaign=wp_homepage,WaPo
https://www.washingtonpost.com/business/2021/03/10/how-big-is-biden-stimulus/?utm_source=rss&utm_medium=referral&utm_campaign=wp_business,WaPo
https://www.nytimes.com/interactive/2021/02/02/nyregion/cuomo-nyc-indoor-dining.html,NYT
https://www.nytimes.com/2021/03/19/briefing/atlanta-shootings-ncaa-mens-division-teen-vogue.html,NYT
https://www.washingtonpost.com/opinions/2021/03/22/rents-rich-are-plummeting-rents-poor-are-rising-why/?utm_source=rss&utm_medium=referral&utm_campaign=wp_opinions,WaPo
https://www.washingtonpost.com/climate-environment/2021/03/31/climate-change-deforestation/?utm_source=rss&utm_medium=referral&utm_campaign=wp_climate-environment,WaPo
https://www.washingtonpost.com/politics/2021/03/31/actually-data-dont-suggest-anything-unusual-about-floridas-excess-death-toll/?utm_source=rss&utm_medium=referral&utm_campaign=wp_politics,NYT
https://www.washingtonpost.com/opinions/2021/04/02/march-jobs-report-economy-is-finally-cooking-with-gas/?utm_source=rss&utm_medium=referral&utm_campaign=wp_opinions,WaPo
https://www.nytimes.com/2021/03/04/learning/whats-going-on-in-this-graph-covid-herd-immunity.html?searchResultPosition=9,NYT
https://www.washingtonpost.com/politics/2021/04/13/risk-reward-calculus-johnson-johnson-vaccine-visualized/?utm_source=rss&utm_medium=referral&utm_campaign=wp_politics,WaPo
https://www.nbcnews.com/news/us-news/states-want-vaccinate-more-people-data-who-has-received-shot-n1254449?cid=eml_nbn_20210116,NBC
https://www.washingtonpost.com/business/2021/05/27/time-off-vaccine-workers/?utm_source=rss&utm_medium=referral&utm_campaign=wp_business,WaPo
https://www.nytimes.com/2021/06/02/briefing/covid-19-masks-guidance-vaccinations.html,NYT
https://www.npr.org/sections/coronavirus-live-updates/2021/06/03/1002772782/why-americans-don-t-want-to-return-to-low-wage-jobs,NPR
https://www.nytimes.com/interactive/2021/05/25/world/asia/india-covid-death-estimates.html,NYT
https://www.nytimes.com/2021/06/24/us/coronavirus-briefing-what-happened-today.html,NYT
https://www.nytimes.com/2021/06/28/briefing/covid-cases-rising-red-america.html,NYT
https://www.nytimes.com/2021/07/26/briefing/breakthrough-cases-covid-delta.html,NYT
https://www.nytimes.com/interactive/2021/07/17/us/delta-variant-us-growth.html,NYT
https://www.nytimes.com/2021/09/01/briefing/delta-peak-covid-caseload.html,NYT
https://www.washingtonpost.com/world/interactive/2021/coronavirus-women-work/?utm_source=rss&utm_medium=referral&utm_campaign=wp_world,WaPo
https://www.nytimes.com/2021/08/25/opinion/inflation-high-Fed.html,NYT
https://www.nytimes.com/interactive/2021/04/17/travel/flying-plane-covid-19-safety.html?campaign_id=9&emc=edit_nn_20210418&instance_id=29390&nl=the-morning&regi_id=122888891&segment_id=55820&te=1&user_id=67d31c9a9571b4fda9fa78dbfee66d3d,NYT
https://www.nbcnews.com/news/us-news/data-shows-more-children-are-getting-sick-dying-covid-n1281616,NBC
https://www.nytimes.com/2021/12/07/us/coronavirus-briefing-what-happened-today-covid-pills-omicron.html,NYT
https://www.npr.org/2021/12/15/1063830104/portugal-covid-vaccines-omicron-variant,NPR
https://www.cnn.com/2021/12/15/politics/black-farmers-debt-relief-disparities/index.html,CNN
https://www.washingtonpost.com/health/interactive/2021/tracker-omicron-spread/?utm_source=rss&utm_medium=referral&utm_campaign=wp_health,WaPo
https://www.cbsnews.com/news/covid-19-pills-antiviral-pfizer-merck-states/,CBS
https://www.npr.org/sections/health-shots/2022/05/13/1098071284/this-is-how-many-lives-could-have-been-saved-with-covid-vaccinations-in-each-sta,NPR
https://www.npr.org/2022/05/19/1098543849/pro-trump-counties-continue-to-suffer-far-higher-covid-death-tolls,NPR
https://www.npr.org/sections/goatsandsoda/2022/08/05/1114357154/how-many-animal-species-have-caught-covid-first-global-tracker-has-partial-answe,NPR
https://www.washingtonpost.com/opinions/2022/08/05/july-jobs-report-great-news/?utm_source=rss&utm_medium=referral&utm_campaign=wp_opinions,WaPo
https://www.nytimes.com/2022/08/05/us/alex-jones-finances.html,NYT
https://www.washingtonpost.com/business/energy/post-pandemic-meetspostwar-eraon-a-blind-curve/2022/08/09/d3602262-17a5-11ed-b998-b2ab68f58468_story.html?utm_source=rss&utm_medium=referral&utm_campaign=wp_business,WaPo
https://www.washingtonpost.com/business/the-55-and-older-labor-market-exodus-is-a-statistical-mirage/2022/09/09/e1816018-3032-11ed-bcc6-0874b26ae296_story.html?utm_source=rss&utm_medium=referral&utm_campaign=wp_business,WaPo
https://www.washingtonpost.com/business/energy/can-e-bikes-rescue-the-covid-bicycle-boom/2022/09/23/6745a234-3afd-11ed-b8af-0a04e5dc3db6_story.html?utm_source=rss&utm_medium=referral&utm_campaign=wp_business,WaPo
https://www.washingtonpost.com/politics/2022/10/03/pandemic-biden-trump-deaths/?utm_source=rss&utm_medium=referral&utm_campaign=wp_politics,WaPo
https://www.nbcnews.com/data-graphics/five-graphics-explain-zero-covid-protests-china-rcna59180,NBC
https://www.washingtonpost.com/business/energy/how-the-oldest-digital-currency-could-solve-the-climate-crisis/2022/12/08/5f9cb764-76be-11ed-a199-927b334b939f_story.html?utm_source=rss&utm_medium=referral&utm_campaign=wp_business,WaPo
https://www.washingtonpost.com/politics/2022/12/22/life-expectancy-deaths-younger-americans/?utm_source=rss&utm_medium=referral&utm_campaign=wp_politics,WaPo
https://www.washingtonpost.com/business/the-pandemic-drinking-binge-just-keeps-going/2022/12/29/b7786418-877d-11ed-b5ac-411280b122ef_story.html?utm_source=rss&utm_medium=referral&utm_campaign=wp_business,WaPo
